"mgc.DM.result","mcorr.DM.result","hhg.DM.result","mgc.AM.result","mcorr.AM.result","hhg.AM.result","mgc.LF.result","mcorr.LF.result","hhg.LF.result","fh.result"
0.0840000000000001,0.0554212489977959,0.06187624750499,0.042,0.0139720558882236,0.029940119760479,0.656,0.639962719066063,0.261477045908184,0.680215887320562
0.156,0.202714475571877,0.0518962075848303,0.766000000000001,0.419161676646707,0.107784431137725,0.29,0.296137833545875,0.794411177644711,0.304627395375293
0.002,0.00160291430639825,0.00798403193612774,0.012,0.0119760479041916,0.00598802395209581,0.788000000000001,0.775671789370778,0.465069860279441,0.837771763048861
0.002,0.0575700927771651,0.0259481037924152,0.056,0.0558882235528942,0.0399201596806387,0.032,0.0321037984211237,0.00199600798403194,0.313746515814276
0.204,0.305473111403152,0.139720558882236,0.324,0.37125748502994,0.205588822355289,0.714000000000001,0.724763322721218,0.984031936127745,0.714276704455712
0.242,0.410022398877606,0.241516966067864,0.684,0.49500998003992,0.181636726546906,0.566,0.571108227608635,0.694610778443114,0.494986249718322
0.146,0.192227953248087,0.0658682634730539,0.232,0.13373253493014,0.0738522954091816,0.822000000000001,0.824470041784203,0.467065868263473,0.882812624417887
0.016,0.18052729548382,0.0978043912175649,0.046,0.0778443113772455,0.187624750499002,0.926000000000001,0.939913721064078,0.0678642714570858,0.971242404533083
0.318,0.424420853016074,0.19560878243513,0.126,0.0918163672654691,0.121756487025948,0.494,0.481672401288995,0.187624750499002,0.780805291046187
0.022,0.0721466210852979,0.135728542914172,0.004,0.0279441117764471,0.103792415169661,0.136,0.112742312247972,0.0259481037924152,0.0442254220407804
0.566,0.638534973470933,0.441117764471058,0.632,0.560878243512974,0.261477045908184,0.514,0.48964700277435,0.750499001996008,0.464395372263742
0.018,0.0250892227155728,0.0379241516966068,0.01,0.0159680638722555,0.0119760479041916,0.008,0.368238962629845,0.0179640718562874,0.837385308700467
0.002,0.0107296262863783,0.00598802395209581,0.024,0.0219560878243513,0.0139720558882236,0.31,0.294982891102781,0.604790419161677,0.395923719707956
0.236,0.309674997542057,0.207584830339321,0.22,0.187624750499002,0.103792415169661,0.224,0.22237987435509,0.143712574850299,0.193994746435559
0.162,0.214919304512961,0.239520958083832,0.136,0.147704590818363,0.119760479041916,0.922000000000001,0.924854218055698,0.303393213572854,0.929846490074202
0.054,0.104862425065034,0.0439121756487026,0.052,0.0439121756487026,0.0459081836327345,0.0900000000000001,0.102121524297249,0.562874251497006,0.218311381325922
0.454,0.578798296508996,0.329341317365269,0.552,0.469061876247505,0.570858283433134,0.878000000000001,0.854435127757918,0.552894211576846,0.94734838253685
0.518,0.621305955449188,0.411177644710579,0.742000000000001,0.696606786427146,0.67065868263473,0.002,0.00171498814510884,0.666666666666667,0.0424096908626811
0.47,0.598071061203783,0.307385229540918,0.784000000000001,0.598802395209581,0.730538922155689,0.808000000000001,0.800495401090474,0.295409181636727,0.696164570300903
0.012,0.14276849570563,0.0598802395209581,0.112,0.0998003992015968,0.193612774451098,0.838000000000001,0.826195328344423,0.688622754491018,0.604998166846515
0.002,4.16882698850429e-06,0.00399201596806387,0.002,0.00598802395209581,0.00798403193612774,0.374,0.375418445343012,0.880239520958084,0.517738440829829
0.004,1.22357484753088e-05,0.00399201596806387,0.002,0.00798403193612774,0.00199600798403194,0.958000000000001,0.95125020700591,0.287425149700599,0.981246314902859
0.002,0.0699188008935577,0.0159680638722555,0.292,0.0738522954091816,0.0179640718562874,0.058,0.0504340566275374,0.157684630738523,0.247086282864311
0.008,0.0163983058707653,0.00998003992015968,0.02,0.029940119760479,0.0279441117764471,0.518,0.502307510852781,0.179640718562874,0.723108155222812
0.31,0.473084765149589,0.259481037924152,0.1,0.0818363273453094,0.0758483033932136,0.602,0.597157370951282,0.512974051896208,0.383848206018237
0.038,0.0556187060107201,0.0259481037924152,0.318,0.105788423153693,0.0818363273453094,0.062,0.0755283118169308,0.838323353293413,0.0838633054149581
0.002,0.00552338849172151,0.00199600798403194,0.022,0.0139720558882236,0.0179640718562874,0.476,0.476547916728815,0.870259481037924,0.480625820984731
0.03,0.124801601615277,0.17564870259481,0.236,0.115768463073852,0.0758483033932136,0.0820000000000001,0.0842596314914177,0.233532934131737,0.0474801312095698
0.346,0.478180252267752,0.353293413173653,0.344,0.303393213572854,0.267465069860279,0.37,0.358513430257139,0.70059880239521,0.375998900561199
0.002,0.00021920975587475,0.00798403193612774,0.002,0.0119760479041916,0.00399201596806387,0.686,0.697919894451643,0.518962075848303,0.567993790848367
0.224,0.277155409747578,0.141716566866267,0.0800000000000001,0.0578842315369262,0.0698602794411178,0.934000000000001,0.931302449228053,0.586826347305389,0.735445219808415
0.22,0.315393216550735,0.189620758483034,0.214,0.157684630738523,0.275449101796407,0.008,0.566371777533391,0.0998003992015968,0.801164506751108
0.006,0.0137671210264946,0.0239520958083832,0.05,0.0419161676646707,0.063872255489022,0.28,0.301827952658506,0.520958083832335,0.216292920461158
0.712000000000001,0.7176394104616,0.473053892215569,0.868000000000001,0.920159680638723,0.808383233532934,0.774000000000001,0.763704364162024,0.520958083832335,0.646761221516822
0.970000000000001,0.838897001701805,0.964071856287425,0.692000000000001,0.772455089820359,0.67065868263473,0.870000000000001,0.877419392410645,0.125748502994012,0.786710852607566
0.002,0.0121247896935849,0.00399201596806387,0.022,0.0199600798403194,0.00798403193612774,0.026,0.289924051190983,0.0259481037924152,0.593763970475476
0.108,0.148394324234348,0.0658682634730539,0.334,0.151696606786427,0.0878243512974052,0.700000000000001,0.686516415207833,0.988023952095808,0.436121914102891
0.004,0.000208720282567909,0.00199600798403194,0.0840000000000001,0.0179640718562874,0.0379241516966068,0.356,0.335723329286053,0.187624750499002,0.208479391977911
0.004,0.00584676005024765,0.0179640718562874,0.002,0.00598802395209581,0.0199600798403194,0.244,0.22981318340579,0.223552894211577,0.259217072643376
0.002,1.51299007492556e-05,0.00199600798403194,0.05,0.00199600798403194,0.00199600798403194,0.004,0.0163918079138443,0.606786427145709,0.2137171870124
0.014,0.0370908046684972,0.0499001996007984,0.1,0.0399201596806387,0.0219560878243513,0.07,0.0838461117917139,0.499001996007984,0.0725541349527617
0.002,0.00134369771071419,0.00798403193612774,0.004,0.0119760479041916,0.00798403193612774,0.264,0.244604964980792,0.658682634730539,0.0855828484528894
0.468,0.605131807746498,0.487025948103792,0.246,0.239520958083832,0.347305389221557,0.852000000000001,0.845466554586274,0.339321357285429,0.751268351243558
0.054,0.0376326596253078,0.0838323353293413,0.032,0.0239520958083832,0.031936127744511,0.182,0.19561255522968,0.359281437125749,0.332284770606976
0.002,0.0429877366959492,0.0119760479041916,0.432,0.277445109780439,0.093812375249501,0.186,0.190712824880592,0.868263473053892,0.141690858736714
0.282,0.38513339297273,0.437125748502994,0.354,0.395209580838323,0.540918163672655,0.006,0.103476428539263,0.532934131736527,0.147593718000197
0.854000000000001,0.811340282637112,0.960079840319361,0.256,0.345309381237525,0.405189620758483,0.720000000000001,0.726960365553145,0.706586826347305,0.771745319351139
0.002,0.00278596672924158,0.0239520958083832,0.004,0.00998003992015968,0.0279441117764471,0.354,0.338696835170742,0.99001996007984,0.490466623918676
0.02,0.0472222224846445,0.00998003992015968,0.018,0.0359281437125748,0.0219560878243513,0.462,0.456638630772249,0.622754491017964,0.690309642834884
0.016,1.25173794008893e-05,0.0279441117764471,0.036,0.0279441117764471,0.06187624750499,0.548,0.536985953776073,0.325349301397206,0.332726351754973
0.188,0.274357266188883,0.093812375249501,0.156,0.153692614770459,0.201596806387226,0.498,0.521188911115868,0.315369261477046,0.280625353851209
0.336,0.522374119010238,0.187624750499002,0.416,0.538922155688623,0.67065868263473,0.930000000000001,0.940425208372491,0.746506986027944,0.918250749583749
0.012,0.145801606422117,0.0538922155688623,0.18,0.0958083832335329,0.0339321357285429,0.702000000000001,0.667308770305145,0.732534930139721,0.639942909760908
0.01,0.00422404511027485,0.0159680638722555,0.0740000000000001,0.0219560878243513,0.0439121756487026,0.212,0.235365787496016,0.574850299401198,0.0805348902295693
0.114,0.0896390321830454,0.143712574850299,0.104,0.093812375249501,0.0379241516966068,0.714000000000001,0.715797540597834,0.225548902195609,0.780845139694405
0.018,0.064039165624433,0.0479041916167665,0.028,0.0858283433133733,0.0179640718562874,0.042,0.0204506835261306,0.00598802395209581,0.00740367771893752
0.146,0.166511766736555,0.0598802395209581,0.138,0.227544910179641,0.457085828343313,0.954000000000001,0.966467823596217,0.211576846307385,0.958983981150496
0.002,0.00420692547515078,0.031936127744511,0.008,0.0219560878243513,0.0199600798403194,0.324,0.31189047620997,0.139720558882236,0.200114731693899
0.218,0.362716458556851,0.532934131736527,0.176,0.153692614770459,0.179640718562874,0.51,0.497742279511062,0.520958083832335,0.758494585395045
0.044,0.0581668505038623,0.0658682634730539,0.0980000000000001,0.0698602794411178,0.06187624750499,0.066,0.0609356342681882,0.165668662674651,0.131933041323153
0.002,0.00199432361454199,0.00399201596806387,0.024,0.00998003992015968,0.00998003992015968,0.038,0.00709288352641124,0.145708582834331,0.199742190526718
0.012,0.0434078662962751,0.0978043912175649,0.514,0.189620758483034,0.0998003992015968,0.18,0.175211335236748,0.768463073852295,0.16052995786155
0.618,0.693905941545653,0.872255489021956,0.780000000000001,0.654690618762475,0.534930139720559,0.026,0.0166865201645824,0.696606786427146,0.0737839633670618
0.004,0.00210198980992227,0.0179640718562874,0.008,0.0179640718562874,0.0279441117764471,0.208,0.185522976214485,0.904191616766467,0.185380450582101
0.014,0.204746200585504,0.0818363273453094,0.24,0.159680638722555,0.0678642714570858,0.32,0.31210771827605,0.668662674650699,0.13768976353023
0.002,1.24344978758018e-14,0.00199600798403194,0.002,0.00199600798403194,0.00199600798403194,0.024,0.00598387870569395,0.397205588822355,0.0383597083451991
0.012,0.0200936855389136,0.0139720558882236,0.018,0.029940119760479,0.0518962075848303,0.434,0.404233838439387,0.936127744510978,0.23190877926238
0.014,0.0136236695022017,0.0359281437125748,0.01,0.00998003992015968,0.00798403193612774,0.468,0.49130624896713,0.864271457085828,0.276257937087984
0.556,0.65229235878117,0.437125748502994,0.968000000000001,0.968063872255489,0.894211576846307,0.274,0.31320458538505,0.81437125748503,0.223979911364108
0.018,0.0237254930530619,0.0259481037924152,0.028,0.0119760479041916,0.0219560878243513,0.12,0.105549395032895,0.0259481037924152,0.51986721871822
0.004,0.0575299229112795,0.031936127744511,0.484,0.17564870259481,0.06187624750499,0.896000000000001,0.897263778015079,0.313373253493014,0.801513796627435
0.0760000000000001,0.0505665548938099,0.0419161676646707,0.064,0.0778443113772455,0.0958083832335329,0.37,0.366911385292818,0.363273453093812,0.356182738656707
0.528,0.625547295877981,0.704590818363273,0.364,0.431137724550898,0.477045908183633,0.418,0.375447748496166,0.48502994011976,0.162100857781339
0.012,0.0383571322107239,0.0119760479041916,0.222,0.143712574850299,0.0279441117764471,0.896000000000001,0.897070956132726,0.467065868263473,0.943510388472806
0.002,0.00231828562942638,0.00399201596806387,0.008,0.0219560878243513,0.0239520958083832,0.946000000000001,0.925693008996422,0.093812375249501,0.918702384906076
0.362,0.473171689758461,0.491017964071856,0.146,0.19560878243513,0.111776447105788,0.856000000000001,0.871828120400318,0.197604790419162,0.9812387331006
0.002,5.16853226883995e-12,0.00199600798403194,0.002,0.00199600798403194,0.00199600798403194,0.338,0.337006831790908,0.147704590818363,0.748710328256802
0.192,0.254486391125473,0.197604790419162,0.0760000000000001,0.0499001996007984,0.0499001996007984,0.362,0.32935024079971,0.0778443113772455,0.363772776288513
0.024,0.184667249611223,0.0439121756487026,0.196,0.0878243512974052,0.0698602794411178,0.502,0.47102293126406,0.0918163672654691,0.643846089145477
0.002,0.000128183618419042,0.00199600798403194,0.052,0.0119760479041916,0.00199600798403194,0.578,0.585297053367754,0.351297405189621,0.784124216840741
0.002,7.87009965427243e-05,0.00199600798403194,0.002,0.00399201596806387,0.00199600798403194,0.268,0.24873807744964,0.650698602794411,0.0598424960244738
0.004,0.00758431664045867,0.0159680638722555,0.0740000000000001,0.06187624750499,0.115768463073852,0.046,0.0449538280817328,0.864271457085828,0.0222978100994208
0.03,0.10332230158665,0.0479041916167665,0.05,0.0399201596806387,0.06187624750499,0.896000000000001,0.886924752991559,0.744510978043912,0.642397583546772
0.002,9.87186559164854e-07,0.00598802395209581,0.002,0.00199600798403194,0.00199600798403194,0.434,0.410619710930546,0.524950099800399,0.310208727558662
0.342,0.444644125035026,0.239520958083832,0.962000000000001,0.810379241516966,0.167664670658683,0.278,0.290755478730745,0.592814371257485,0.533160927798161
0.46,0.545085383039058,0.287425149700599,0.648,0.634730538922156,0.610778443113772,0.178,0.143702247981914,0.81437125748503,0.26220452013276
0.004,0.138935195889186,0.0339321357285429,0.198,0.161676646706587,0.0778443113772455,0.910000000000001,0.885413432623802,0.107784431137725,0.912484064527733
0.318,0.403588055570971,0.29940119760479,0.02,0.155688622754491,0.297405189620758,0.948000000000001,0.957239440835944,0.910179640718563,0.882115437180086
0.002,1.48569402025345e-06,0.00598802395209581,0.004,0.00399201596806387,0.00199600798403194,0.03,0.0166637029903193,0.894211576846307,0.0114512456392386
0.172,0.211148779666649,0.177644710578842,0.152,0.187624750499002,0.303393213572854,0.192,0.197153142851993,0.812375249500998,0.293248961198622
0.336,0.497066510236473,0.449101796407186,0.484,0.403193612774451,0.295409181636727,0.484,0.458862752792644,0.898203592814371,0.325018452503262
0.002,0.00120802634017814,0.00798403193612774,0.002,0.00598802395209581,0.0339321357285429,0.398,0.392710170612876,0.872255489021956,0.416508975143773
0.028,0.0119406240432949,0.0359281437125748,0.044,0.0199600798403194,0.0339321357285429,0.718000000000001,0.719898350022446,0.191616766467066,0.768357563396358
0.038,0.0532398036895393,0.00798403193612774,0.496,0.12375249500998,0.0219560878243513,0.154,0.128427447696379,0.916167664670659,0.0193903794978416
0.004,0.0389258853218666,0.0119760479041916,0.224,0.00998003992015968,0.00399201596806387,0.51,0.485030616055642,0.750499001996008,0.450825784410937
0.238,0.333152436435475,0.265469061876248,0.408,0.231536926147705,0.0918163672654691,0.544,0.499970087497903,0.522954091816367,0.722150693125265
0.002,0.0439779477663569,0.0219560878243513,0.204,0.0598802395209581,0.0279441117764471,0.484,0.499546172898158,0.421157684630739,0.613374934638271
0.3,0.430045874361275,0.42315369261477,0.0980000000000001,0.179640718562874,0.165668662674651,0.202,0.24696449619694,0.648702594810379,0.474678570560832
0.538,0.620645171839462,0.530938123752495,0.926000000000001,0.884231536926148,0.698602794411178,0.342,0.303898049271425,0.00598802395209581,0.339016370821563
0.24,0.341068802226013,0.279441117764471,0.306,0.373253493013972,0.493013972055888,0.2,0.220793729279202,0.916167664670659,0.139718423170308
0.004,0.0691961904313048,0.0518962075848303,0.026,0.0339321357285429,0.0978043912175649,0.972000000000001,0.950375029261115,0.830339321357285,0.956200479619398
0.186,0.237705797188114,0.0798403193612774,0.654,0.397205588822355,0.293413173652695,0.404,0.383584709677246,0.654690618762475,0.531470359504424
0.03,0.147915702682243,0.0838323353293413,0.172,0.063872255489022,0.0658682634730539,0.668,0.629818246303904,0.193612774451098,0.695324290451058
0.226,0.314283200146561,0.165668662674651,0.136,0.0998003992015968,0.145708582834331,0.922000000000001,0.933275234915108,0.171656686626747,0.943330084420375
0.012,0.0168000036484401,0.0159680638722555,0.0740000000000001,0.0558882235528942,0.0678642714570858,0.002,0.0155884822537873,0.908183632734531,0.00465746208757669
0.002,0.00245274762396985,0.0159680638722555,0.008,0.0339321357285429,0.0139720558882236,0.356,0.372249004888274,0.331337325349301,0.506294023129003
0.228,0.328332996908462,0.193612774451098,0.036,0.0678642714570858,0.105788423153693,0.890000000000001,0.89481330247741,0.864271457085828,0.881884567734277
0.004,0.000295706597214673,0.00598802395209581,0.032,0.00598802395209581,0.00199600798403194,0.306,0.309234370371078,0.63872255489022,0.354345074026301
0.004,6.44109464675857e-06,0.00598802395209581,0.014,0.00798403193612774,0.00199600798403194,0.874000000000001,0.870980811675804,0.546906187624751,0.834488652386407
0.002,0.000818219457531688,0.00199600798403194,0.016,0.0139720558882236,0.00199600798403194,0.682,0.634033965212174,0.181636726546906,0.348065511417288
0.16,0.223054281528651,0.135728542914172,0.338,0.147704590818363,0.0499001996007984,0.276,0.250462181339344,0.135728542914172,0.230587761601061
0.002,0.000438044884036204,0.00998003992015968,0.002,0.00598802395209581,0.00598802395209581,0.38,0.374186359928312,0.522954091816367,0.497530094354644
0.216,0.224923831718945,0.103792415169661,0.226,0.213572854291417,0.500998003992016,0.768000000000001,0.737485055294436,0.760479041916168,0.828946067825502
0.002,0.000366216718175272,0.00199600798403194,0.008,0.0119760479041916,0.00998003992015968,0.248,0.245056967088227,0.842315369261477,0.171360555305426
0.268,0.399971586623261,0.608782435129741,0.018,0.115768463073852,0.706586826347305,0.44,0.45250117900907,0.746506986027944,0.655806275182746
0.002,0.000251185620926186,0.00199600798403194,0.224,0.0339321357285429,0.00998003992015968,0.004,0.00733036421458222,0.992015968063872,0.0230664474222374
0.002,0.0556349234688009,0.0139720558882236,0.548,0.119760479041916,0.0179640718562874,0.568,0.546197138388212,0.750499001996008,0.51956192263621
0.336,0.467065538587087,0.153692614770459,0.154,0.295409181636727,0.383233532934132,0.386,0.38386083988681,0.179640718562874,0.678502647735244
0.002,1.91936603499698e-07,0.00199600798403194,0.002,0.00199600798403194,0.00199600798403194,0.254,0.25456941417719,0.271457085828343,0.477327837945279
0.158,0.146540500850361,0.31936127744511,0.114,0.181636726546906,0.279441117764471,0.994000000000001,0.994303001801779,0.377245508982036,0.993245351507982
0.28,0.428122073983249,0.544910179640719,0.216,0.277445109780439,0.383233532934132,0.864000000000001,0.870194974887817,0.908183632734531,0.882634958466851
0.03,0.0100973610625605,0.0718562874251497,0.024,0.0399201596806387,0.00998003992015968,0.002,3.48011351788413e-05,0.109780439121756,0.0221951988549353
0.232,0.297605663516416,0.131736526946108,0.46,0.267465069860279,0.163672654690619,0.474,0.456487928669965,0.852295409181637,0.242347484944339
0.0720000000000001,0.0292024711842855,0.0339321357285429,0.386,0.11377245508982,0.0399201596806387,0.582,0.566219984220217,0.770459081836327,0.741335509962508
0.144,0.159655759048072,0.129740518962076,0.374,0.115768463073852,0.0359281437125748,0.172,0.190112097193152,0.165668662674651,0.283951775287406
0.62,0.687176370901649,0.524950099800399,0.46,0.50499001996008,0.461077844311377,0.780000000000001,0.765104131361083,0.351297405189621,0.832665712825107
0.002,0.00176398207037431,0.0119760479041916,0.008,0.0439121756487026,0.00399201596806387,0.154,0.158051351609306,0.562874251497006,0.301722994276173
0.04,0.323940218957936,0.109780439121756,0.04,0.111776447105788,0.117764471057884,0.924000000000001,0.908326571278103,0.616766467065868,0.946764076940776
0.344,0.497658920830811,0.221556886227545,0.362,0.409181636726547,0.429141716566866,0.242,0.227361260825376,0.11377245508982,0.709498184999801
0.002,0.00269714486389816,0.00798403193612774,0.014,0.00798403193612774,0.00598802395209581,0.142,0.174129349695005,0.19560878243513,0.188198342516317
0.46,0.580140042922736,0.574850299401198,0.118,0.125748502994012,0.125748502994012,0.408,0.38459518082141,0.600798403193613,0.585373331370305
0.008,0.0493110557113868,0.0758483033932136,0.498,0.205588822355289,0.311377245508982,0.3,0.286470861858548,0.481037924151697,0.240823517216773
0.002,0.0107462875151312,0.0179640718562874,0.0960000000000001,0.0518962075848303,0.0219560878243513,0.4,0.434163262594507,0.87624750499002,0.498063760338009
0.002,0.00010632948557876,0.00598802395209581,0.004,0.00998003992015968,0.00798403193612774,0.778000000000001,0.794949655465163,0.173652694610778,0.717523988610982
0.18,0.249805616114127,0.11377245508982,0.246,0.191616766467066,0.153692614770459,0.454,0.443006617150382,0.532934131736527,0.588833770967784
0.002,0.00896854326111929,0.00798403193612774,0.01,0.0179640718562874,0.00598802395209581,0.194,0.195274702374654,0.570858283433134,0.267291218724357
0.002,4.37801161412565e-05,0.00199600798403194,0.004,0.00399201596806387,0.00199600798403194,0.676,0.668603903635731,0.906187624750499,0.539359867754821
0.358,0.470487903511868,0.315369261477046,0.324,0.189620758483034,0.0818363273453094,0.654,0.64755108023479,0.243512974051896,0.455826512126729
0.298,0.380646970825937,0.329341317365269,0.194,0.2375249500998,0.241516966067864,0.67,0.632917725002697,0.25748502994012,0.723256582566691
0.002,0.00024759220275683,0.00798403193612774,0.03,0.0119760479041916,0.00399201596806387,0.842000000000001,0.850692926230874,0.453093812375249,0.854021126692961
0.002,2.6254837193207e-09,0.00399201596806387,0.002,0.00399201596806387,0.00798403193612774,0.252,0.262536187212175,0.890219560878243,0.162136616099598
0.004,0.00263669453799231,0.0219560878243513,0.018,0.0499001996007984,0.0518962075848303,0.768000000000001,0.746419241827545,0.463073852295409,0.745807125629496
0.186,0.292523818440766,0.385229540918164,0.152,0.167664670658683,0.295409181636727,0.318,0.33187780944861,0.0199600798403194,0.117144378118822
0.46,0.550461868110528,0.263473053892216,0.682,0.708582834331337,0.518962075848303,0.596,0.610984309523431,0.788423153692615,0.682350862646278
0.01,0.0494713465217095,0.0459081836327345,0.01,0.0199600798403194,0.0159680638722555,0.54,0.538484300479592,0.109780439121756,0.630763269509407
0.268,0.382461442954644,0.13373253493014,0.284,0.303393213572854,0.399201596806387,0.946000000000001,0.951559339702689,0.419161676646707,0.98152132770202
0.022,0.170778508259186,0.0918163672654691,0.022,0.0359281437125748,0.155688622754491,0.968000000000001,0.969121331520532,0.42315369261477,0.944548538042796
0.002,0.00554932767427396,0.00199600798403194,0.01,0.0159680638722555,0.00199600798403194,0.212,0.208275109559988,0.241516966067864,0.280621794894347
0.186,0.272577196829612,0.161676646706587,0.168,0.219560878243513,0.205588822355289,0.14,0.139832220819497,0.171656686626747,0.353655090009861
0.174,0.202583553223338,0.119760479041916,0.436,0.321357285429142,0.107784431137725,0.488,0.467782098346773,0.952095808383233,0.498460990960249
0.002,1.69825700169213e-07,0.00399201596806387,0.002,0.00199600798403194,0.00199600798403194,0.704000000000001,0.700953896832941,0.904191616766467,0.665857896690939
0.002,0.000609492760132335,0.00598802395209581,0.022,0.00798403193612774,0.00399201596806387,0.57,0.597251700461276,0.391217564870259,0.859235231390016
0.008,8.83468813039912e-05,0.00998003992015968,0.006,0.00199600798403194,0.00798403193612774,0.24,0.206439526578782,0.169660678642715,0.245560079752481
0.234,0.290961143648263,0.211576846307385,0.326,0.259481037924152,0.229540918163673,0.552,0.541051946576313,0.477045908183633,0.368561530723188
0.004,0.0690415312542894,0.0219560878243513,0.356,0.0758483033932136,0.0259481037924152,0.142,0.128150173246855,0.538922155688623,0.0621022995076232
0.868000000000001,0.792462196883505,0.800399201596806,0.568,0.694610778443114,0.728542914171657,0.854000000000001,0.816012765447854,0.373253493013972,0.733895258292027
0.608,0.667790242180976,0.461077844311377,0.008,0.211576846307385,0.171656686626747,0.746000000000001,0.745881047922347,0.199600798403194,0.677108694709971
0.878000000000001,0.801875684471815,0.445109780439122,0.494,0.776447105788423,0.992015968063872,0.512,0.498169716534511,0.2375249500998,0.595901413966099
0.59,0.635276378642597,0.668662674650699,0.618,0.602794411177645,0.710578842315369,0.496,0.48598046853654,0.441117764471058,0.446226564259705
0.002,7.13651360229051e-13,0.00199600798403194,0.002,0.00199600798403194,0.00199600798403194,0.598,0.587330441557537,0.0499001996007984,0.72046552505206
0.01,0.0486305672228606,0.0239520958083832,0.732000000000001,0.393213572854291,0.159680638722555,0.0800000000000001,0.0812575995994804,0.846307385229541,0.0599836886760121
0.048,0.320594300333213,0.0798403193612774,0.828000000000001,0.479041916167665,0.239520958083832,0.128,0.131872380432013,0.101796407185629,0.350625222672421
0.002,0.00391877773531191,0.0159680638722555,0.018,0.0159680638722555,0.0179640718562874,0.164,0.162503638468078,0.970059880239521,0.19541920467837
0.002,1.14963923749656e-05,0.00598802395209581,0.052,0.0239520958083832,0.0399201596806387,0.056,0.062677579865111,0.992015968063872,0.0840581136965496
0.002,0.000330545377430713,0.00798403193612774,0.002,0.00199600798403194,0.00199600798403194,0.152,0.144578304611884,0.265469061876248,0.269123155835578
0.148,0.180648801302011,0.121756487025948,0.0720000000000001,0.121756487025948,0.269461077844311,0.548,0.515485047060756,0.884231536926148,0.421161404057668
0.334,0.48810618902157,0.441117764471058,0.018,0.127744510978044,0.193612774451098,0.424,0.397295984243785,0.56686626746507,0.0665200244581822
0.18,0.24140159542673,0.135728542914172,0.112,0.115768463073852,0.0878243512974052,0.15,0.164813414094607,0.902195608782435,0.566908076662436
0.002,0.000157036377444797,0.00998003992015968,0.01,0.00598802395209581,0.00798403193612774,0.034,0.0063732750190677,0.506986027944112,0.000799644692711713
0.386,0.521320852216397,0.321357285429142,0.478,0.385229540918164,0.42315369261477,0.986000000000001,0.975592640011003,0.345309381237525,0.956422766939116
0.218,0.238673617116494,0.141716566866267,0.028,0.0339321357285429,0.0179640718562874,0.576,0.56077345055871,0.419161676646707,0.504431443976378
0.002,0.0340168950944819,0.00598802395209581,0.17,0.0459081836327345,0.0159680638722555,0.28,0.259614891503755,0.870259481037924,0.513896084857993
0.14,0.203562476644201,0.291417165668663,0.0720000000000001,0.13373253493014,0.333333333333333,0.44,0.424516275224266,0.469061876247505,0.278534969158919
0.002,1.25040027221246e-08,0.00199600798403194,0.002,0.00199600798403194,0.00199600798403194,0.322,0.299795555689846,0.147704590818363,0.338448387821189
0.484,0.613793991702542,0.722554890219561,0.214,0.367265469061876,0.540918163672655,0.142,0.12220104986346,0.932135728542914,0.0939943107240403
0.002,0.00183508697742951,0.0159680638722555,0.01,0.0279441117764471,0.0658682634730539,0.124,0.145434212903738,0.988023952095808,0.388208013665947
0.004,0.0234738735223767,0.0459081836327345,0.04,0.0518962075848303,0.0499001996007984,0.998000000000001,0.997168077758084,0.562874251497006,0.999789246316483
0.004,0.140911241753491,0.0419161676646707,0.398,0.177644710578842,0.125748502994012,0.648,0.659151961438727,0.766467065868264,0.570577515884455
0.194,0.280190564164355,0.179640718562874,0.43,0.207584830339321,0.121756487025948,0.572,0.576631892457851,0.489021956087824,0.374420905225745
0.186,0.286535960008516,0.127744510978044,0.172,0.169660678642715,0.127744510978044,0.876000000000001,0.876075535570058,0.49500998003992,0.88297784621486
0.17,0.167325908270754,0.0778443113772455,0.01,0.0538922155688623,0.111776447105788,0.386,0.356809165142218,0.449101796407186,0.385759753060115
0.014,0.182990394371384,0.0359281437125748,0.46,0.397205588822355,0.343313373253493,0.442,0.386146807292803,0.614770459081836,0.606641779767015
0.002,0.00103574891792502,0.00199600798403194,0.012,0.00199600798403194,0.00199600798403194,0.842000000000001,0.807204088528375,0.335329341317365,0.651290496982262
0.646,0.707754518957238,0.550898203592814,0.880000000000001,0.900199600798403,0.880239520958084,0.036,0.0367779510969131,0.890219560878243,0.0621718805462395
0.002,0.00982073393934435,0.0219560878243513,0.014,0.00798403193612774,0.0399201596806387,0.602,0.587448635804776,0.245508982035928,0.572593827431295
0.002,0.0170308517765295,0.00598802395209581,0.012,0.0119760479041916,0.0159680638722555,0.930000000000001,0.944321519460771,0.562874251497006,0.931616416733814
0.32,0.440151081639387,0.271457085828343,0.154,0.0818363273453094,0.119760479041916,0.122,0.128188863856507,0.363273453093812,0.178003132295188
0.238,0.275273715933863,0.0778443113772455,0.766000000000001,0.67065868263473,0.341317365269461,0.394,0.401912413625121,0.598802395209581,0.548479086272378
0.214,0.264488611241735,0.187624750499002,0.336,0.337325349301397,0.451097804391218,0.722000000000001,0.698565683867968,0.0898203592814371,0.640085228906139
0.012,0.0225906436809111,0.0179640718562874,0.054,0.0658682634730539,0.0518962075848303,0.0800000000000001,0.119441171841716,0.958083832335329,0.0239689618252311
0.002,2.52934164850505e-05,0.00998003992015968,0.004,0.0139720558882236,0.0119760479041916,0.194,0.207186478150351,0.68063872255489,0.204304173372654
0.002,0.000159029295733193,0.00798403193612774,0.01,0.00399201596806387,0.00598802395209581,0.2,0.152371008186906,0.223552894211577,0.0490426252029036
0.002,1.80361468204993e-07,0.00399201596806387,0.002,0.00199600798403194,0.00199600798403194,0.54,0.526206023811886,0.972055888223553,0.586556939526795
0.002,1.91961260220808e-08,0.00199600798403194,0.002,0.00199600798403194,0.00199600798403194,0.784000000000001,0.73517693391191,0.00798403193612774,0.871906095335057
0.002,0.00164975585123273,0.0139720558882236,0.048,0.0459081836327345,0.103792415169661,0.264,0.25342573093477,0.924151696606786,0.410806150684102
0.002,0.0503304343985461,0.0199600798403194,0.33,0.0918163672654691,0.0399201596806387,0.02,0.0123472632065411,0.960079840319361,0.0249863844431821
0.0720000000000001,0.0481153030061858,0.0778443113772455,0.268,0.125748502994012,0.0738522954091816,0.172,0.177117821324614,0.808383233532934,0.200222423271444
0.22,0.315404513236111,0.223552894211577,0.036,0.107784431137725,0.143712574850299,0.814000000000001,0.820539298452073,0.652694610778443,0.791033848606005
0.028,0.0479015002253256,0.0778443113772455,0.206,0.0818363273453094,0.0978043912175649,0.504,0.508216290035718,0.586826347305389,0.129064133417777
0.002,0.0270091045752207,0.00399201596806387,0.022,0.0139720558882236,0.00598802395209581,0.582,0.546365611933952,0.916167664670659,0.656948250314241
0.674,0.723074403342309,0.281437125748503,0.4,0.303393213572854,0.199600798403194,0.784000000000001,0.78508254229594,0.506986027944112,0.662537278678365
0.29,0.403031816125172,0.43313373253493,0.05,0.093812375249501,0.223552894211577,0.950000000000001,0.932754090184809,0.0578842315369262,0.89397390409629
0.378,0.494459048272302,0.281437125748503,0.632,0.524950099800399,0.339321357285429,0.732000000000001,0.699419355032774,0.491017964071856,0.83877771579134
0.458,0.570301212721464,0.353293413173653,0.6,0.209580838323353,0.0678642714570858,0.124,0.103712665985072,0.0259481037924152,0.253127061675495
0.006,0.000159420332452198,0.0139720558882236,0.002,0.00399201596806387,0.00199600798403194,0.850000000000001,0.865686694861122,0.578842315369261,0.932835424408808
0.002,0.00842676717254154,0.0179640718562874,0.112,0.0379241516966068,0.0139720558882236,0.402,0.392598374011005,0.489021956087824,0.418924130151031
0.308,0.398648118435935,0.259481037924152,0.56,0.487025948103792,0.596806387225549,0.278,0.231190653593912,0.401197604790419,0.17252333214473
0.002,0.00657226964835378,0.00998003992015968,0.064,0.0139720558882236,0.00798403193612774,0.812000000000001,0.799547848846491,0.231536926147705,0.881451127738047
0.720000000000001,0.720710792220806,0.548902195608782,0.652,0.50499001996008,0.25748502994012,0.016,0.00239630314280637,0.580838323353293,0.00222110690330868
0.024,0.00265033502812906,0.0179640718562874,0.0800000000000001,0.0179640718562874,0.031936127744511,0.292,0.289455752559483,0.461077844311377,0.535549546643503
0.036,0.0241892314586815,0.0379241516966068,0.2,0.0838323353293413,0.281437125748503,0.14,0.155583960866636,0.992015968063872,0.214014186254538
0.746000000000001,0.733691446616147,0.744510978043912,0.966000000000001,0.946107784431138,0.684630738522954,0.136,0.14871967842684,0.766467065868264,0.165707695880777
0.148,0.141254950338856,0.0499001996007984,0.596,0.199600798403194,0.0179640718562874,0.424,0.428824404798054,0.604790419161677,0.382952684553856
0.01,0.0180049769479531,0.0439121756487026,0.0720000000000001,0.0598802395209581,0.101796407185629,0.438,0.415884584737322,0.564870259481038,0.135610202058276
0.002,3.01980662698043e-14,0.00199600798403194,0.002,0.00199600798403194,0.00199600798403194,0.838000000000001,0.846805951767915,0.215568862275449,0.858202285033493
0.304,0.39489358839231,0.127744510978044,0.448,0.359281437125749,0.335329341317365,0.456,0.450345972925049,0.960079840319361,0.451507468735484
0.002,0.000132840260663625,0.00199600798403194,0.002,0.0199600798403194,0.00199600798403194,0.056,0.0473917983354508,0.70059880239521,0.0100266673734631
0.002,0.00459745205493323,0.00199600798403194,0.01,0.0439121756487026,0.0139720558882236,0.61,0.597800554593585,0.800399201596806,0.450537711036888
0.168,0.215985599436949,0.17564870259481,0.122,0.147704590818363,0.181636726546906,0.214,0.187586264275721,0.978043912175649,0.303237918698717
0.002,0.00059191078909604,0.00199600798403194,0.002,0.00399201596806387,0.00399201596806387,0.828000000000001,0.840938524251986,0.155688622754491,0.872924764988417
0.002,0.000416512837873251,0.00199600798403194,0.07,0.00998003992015968,0.00199600798403194,0.108,0.107081056440275,0.564870259481038,0.25355991711976
0.292,0.446711769352771,0.451097804391218,0.046,0.125748502994012,0.385229540918164,0.592,0.56075430002622,0.810379241516966,0.55838698411103
0.188,0.190671745641655,0.147704590818363,0.452,0.241516966067864,0.135728542914172,0.258,0.288915974329788,0.421157684630739,0.284007576081342
0.012,0.0175745937419052,0.0119760479041916,0.018,0.0239520958083832,0.0139720558882236,0.17,0.187388067762702,0.958083832335329,0.393147269135858
0.022,0.129703378300885,0.0518962075848303,0.854000000000001,0.463073852295409,0.0958083832335329,0.256,0.28338872525543,0.834331337325349,0.371269620060474
0.294,0.395643173337064,0.506986027944112,0.824000000000001,0.822355289421158,0.48502994011976,0.042,0.0230771609312019,0.930139720558882,0.0415924735787818
0.002,0.0417883418025435,0.0239520958083832,0.0740000000000001,0.0339321357285429,0.0339321357285429,0.628,0.60361785803478,0.425149700598802,0.655326541571535
0.03,0.0810591199569937,0.0658682634730539,0.476,0.093812375249501,0.0259481037924152,0.042,0.0248235258905516,0.998003992015968,0.0100689037257101
0.054,0.0456603770961082,0.0898203592814371,0.0760000000000001,0.0499001996007984,0.125748502994012,0.632,0.627174116864722,0.215568862275449,0.70880115581064
0.004,0.00661033524904664,0.00998003992015968,0.002,0.0159680638722555,0.00998003992015968,0.882000000000001,0.868906408910827,0.538922155688623,0.920988890976258
0.252,0.352358046373597,0.207584830339321,0.19,0.093812375249501,0.193612774451098,0.542,0.537886231968902,0.179640718562874,0.235913862871318
0.154,0.200435235906771,0.137724550898204,0.384,0.395209580838323,0.754491017964072,0.934000000000001,0.94999800047295,0.145708582834331,0.973011865871023
0.002,0.00157524694858568,0.00598802395209581,0.004,0.0119760479041916,0.0139720558882236,0.566,0.527709161399043,0.988023952095808,0.372979082266733
0.004,0.0147827324520498,0.00598802395209581,0.644,0.0538922155688623,0.00598802395209581,0.136,0.136904189330876,0.916167664670659,0.221596611067477
0.236,0.359342353259624,0.173652694610778,0.324,0.17564870259481,0.111776447105788,0.568,0.571634301521554,0.44311377245509,0.801521434897541
0.128,0.117919841395171,0.0778443113772455,0.172,0.0818363273453094,0.0479041916167665,0.646,0.653253521849004,0.383233532934132,0.621412546550569
0.002,0.0105419691444832,0.00798403193612774,0.222,0.0459081836327345,0.0419161676646707,0.21,0.22143133999419,0.121756487025948,0.177377219533355
0.104,0.0702846415251214,0.13373253493014,0.35,0.261477045908184,0.24750499001996,0.018,0.0102898220469816,0.952095808383233,0.0022027075404387
0.006,0.121854696069918,0.0439121756487026,0.494,0.155688622754491,0.11377245508982,0.276,0.292756180675885,0.970059880239521,0.21203913501657
0.002,2.80935477103839e-08,0.00199600798403194,0.002,0.00399201596806387,0.00199600798403194,0.57,0.546218058260383,0.431137724550898,0.73499743539295
0.002,0.0143530552806275,0.00199600798403194,0.372,0.0578842315369262,0.0459081836327345,0.492,0.48075961102601,0.0159680638722555,0.510748400205885
0.002,0.0054482147127769,0.00798403193612774,0.056,0.0279441117764471,0.0359281437125748,0.152,0.139274935538816,0.616766467065868,0.0177435664863893
0.12,0.149597834160962,0.155688622754491,0.528,0.393213572854291,0.530938123752495,0.286,0.291576809577086,0.826347305389222,0.183574793378273
0.112,0.136702943534133,0.303393213572854,0.3,0.135728542914172,0.169660678642715,0.434,0.369355977851213,0.838323353293413,0.139005288940659
0.252,0.3238368804576,0.397205588822355,0.572,0.596806387225549,0.760479041916168,0.57,0.54523948896469,0.608782435129741,0.62529955719003
0.002,0.000115647377883388,0.00199600798403194,0.03,0.00798403193612774,0.00598802395209581,0.432,0.415321724190965,0.499001996007984,0.714726379079811
0.002,0.00133489864262648,0.00798403193612774,0.004,0.00998003992015968,0.00199600798403194,0.124,0.157173602569358,0.916167664670659,0.226713212669115
0.002,0.0012150392738679,0.00399201596806387,0.006,0.00798403193612774,0.00798403193612774,0.656,0.639658379994131,0.94810379241517,0.497374398748043
0.018,0.0654809625045235,0.0239520958083832,0.002,0.0219560878243513,0.0179640718562874,0.242,0.22318940965139,0.740518962075848,0.504595605981074
0.002,2.67574441283891e-05,0.00399201596806387,0.028,0.00199600798403194,0.00199600798403194,0.002,0.0229812464959567,0.626746506986028,0.0449325550961454
0.002,0.00129255071939083,0.00399201596806387,0.324,0.0219560878243513,0.00798403193612774,0.01,0.15816678579211,0.998003992015968,0.481526039603879
0.0860000000000001,0.0371868232454109,0.0818363273453094,0.294,0.209580838323353,0.189620758483034,0.322,0.323655108643024,0.177644710578842,0.190212578085098
0.018,0.352047205555927,0.153692614770459,0.46,0.373253493013972,0.297405189620758,0.58,0.579270747241635,0.772455089820359,0.591494953971257
0.03,0.0887907371615833,0.0379241516966068,0.158,0.0419161676646707,0.0139720558882236,0.206,0.209734431272002,0.111776447105788,0.107851937602978
0.064,0.04467527253572,0.0718562874251497,0.0860000000000001,0.0339321357285429,0.0339321357285429,0.594,0.584570253967194,0.512974051896208,0.636809773377465
0.004,0.000397702696533608,0.00998003992015968,0.004,0.00798403193612774,0.00199600798403194,0.576,0.545719741603302,0.980039920159681,0.827231562816714
0.008,0.0811306888402343,0.0219560878243513,0.63,0.115768463073852,0.0239520958083832,0.45,0.410460303585298,0.640718562874252,0.709312195641935
0.12,0.135447038649521,0.093812375249501,0.05,0.0499001996007984,0.0738522954091816,0.356,0.353371205582192,0.369261477045908,0.365731545657496
0.312,0.427341859372538,0.207584830339321,0.184,0.17564870259481,0.227544910179641,0.788000000000001,0.762985139692759,0.411177644710579,0.874714457524549
0.002,0.0162040582548046,0.0139720558882236,0.002,0.0119760479041916,0.00998003992015968,0.828000000000001,0.842208282563284,0.437125748502994,0.937523974346123
0.012,0.227673103398139,0.0459081836327345,0.06,0.0399201596806387,0.0339321357285429,0.958000000000001,0.96173269077854,0.0698602794411178,0.976491167096866
0.368,0.472483920000559,0.353293413173653,0.246,0.179640718562874,0.0658682634730539,0.782000000000001,0.768449943828867,0.0419161676646707,0.814031209218447
0.024,0.0846439496543757,0.0798403193612774,0.014,0.0479041916167665,0.0658682634730539,0.952000000000001,0.957495569504931,0.449101796407186,0.956211541309533
0.002,0.000861928507142506,0.00399201596806387,0.054,0.00598802395209581,0.00199600798403194,0.018,0.0109108521543553,0.922155688622755,0.0655679519290332
0.458,0.593410043310347,0.393213572854291,0.186,0.279441117764471,0.429141716566866,0.764000000000001,0.737253910948996,0.379241516966068,0.689279423318882
0.044,0.119782514488849,0.0479041916167665,0.016,0.0499001996007984,0.0339321357285429,0.174,0.215750454400813,0.81437125748503,0.141641126677998
0.002,0.0173266034328099,0.0199600798403194,0.012,0.0339321357285429,0.029940119760479,0.376,0.352361597467208,0.461077844311377,0.263425647702233
0.002,0.0034084937475044,0.00998003992015968,0.002,0.00798403193612774,0.00998003992015968,0.932000000000001,0.958679375676317,0.389221556886228,0.961936910599542
0.002,0.00020234962330401,0.00399201596806387,0.476,0.0459081836327345,0.00199600798403194,0.002,0.0167511747521263,0.437125748502994,0.0808345912117451
0.002,0.000106993585146209,0.00598802395209581,0.002,0.00598802395209581,0.00998003992015968,0.358,0.368839860247947,0.880239520958084,0.565517608137684
0.292,0.445841817117917,0.353293413173653,0.038,0.0738522954091816,0.339321357285429,0.298,0.309149261236254,0.281437125748503,0.579507367396168
0.248,0.333223929655704,0.437125748502994,0.348,0.369261477045908,0.315369261477046,0.622,0.639082686554238,0.678642714570858,0.731469106362954
0.284,0.419537976456866,0.349301397205589,0.216,0.311377245508982,0.652694610778443,0.842000000000001,0.81291711609866,0.632734530938124,0.977275553569126
0.34,0.433341104107876,0.307385229540918,0.792000000000001,0.459081836327345,0.183632734530938,0.0940000000000001,0.110606818887478,0.88622754491018,0.0138986585868953
0.14,0.165520710609979,0.111776447105788,0.192,0.151696606786427,0.0958083832335329,0.418,0.41667722564661,0.574850299401198,0.513048546634985
0.006,0.057574003052138,0.0499001996007984,0.036,0.0359281437125748,0.0538922155688623,0.672,0.645762221095523,0.7624750499002,0.720572134576075
0.002,0.035437998375722,0.029940119760479,0.184,0.0499001996007984,0.0259481037924152,0.12,0.121589141289993,0.437125748502994,0.0409893860296398
0.002,0.00864642003351823,0.00199600798403194,0.45,0.031936127744511,0.00798403193612774,0.044,0.0498052008105135,0.854291417165669,0.0883325762388685
0.134,0.179134088355092,0.223552894211577,0.046,0.0718562874251497,0.193612774451098,0.656,0.653288897341963,0.636726546906188,0.83832511581281
0.004,0.0230810113240769,0.0179640718562874,0.268,0.0978043912175649,0.0279441117764471,0.358,0.363088862331742,0.962075848303393,0.469084367336488
0.56,0.630870767629552,0.7624750499002,0.27,0.395209580838323,0.303393213572854,0.322,0.300206323068339,0.50499001996008,0.18993746678811
0.44,0.544597394829201,0.291417165668663,0.880000000000001,0.542914171656687,0.36127744510978,0.056,0.0520475072770291,0.327345309381238,0.0651874217501481
0.04,0.105044623891266,0.103792415169661,0.06,0.0419161676646707,0.0578842315369262,0.258,0.250372285034339,0.239520958083832,0.10104689770737
0.002,0.00319882961023299,0.00399201596806387,0.022,0.0159680638722555,0.00998003992015968,0.352,0.354862934976728,0.473053892215569,0.558715824396746
0.002,8.59798726782213e-06,0.0179640718562874,0.002,0.00199600798403194,0.00798403193612774,0.238,0.208898289079422,0.385229540918164,0.263127063889856
0.002,0.132868911682385,0.031936127744511,0.016,0.063872255489022,0.0499001996007984,0.162,0.164848550648666,0.0698602794411178,0.769041934266966
0.004,0.00015522556155978,0.00399201596806387,0.014,0.00399201596806387,0.00598802395209581,0.602,0.612200201782734,0.353293413173653,0.673767542332422
0.322,0.440909977728207,0.181636726546906,0.724000000000001,0.688622754491018,0.590818363273453,0.344,0.322028961391,0.828343313373254,0.443390355469782
0.03,0.0565859290532797,0.0479041916167665,0.1,0.0439121756487026,0.0479041916167665,0.138,0.125835271282103,0.976047904191617,0.0527976506779157
0.002,0.00602369137277037,0.00399201596806387,0.008,0.0199600798403194,0.0179640718562874,0.146,0.149289939774898,0.307385229540918,0.257803058188449
0.382,0.475363805583754,0.331337325349301,0.618,0.650698602794411,0.463073852295409,0.760000000000001,0.762669896675284,0.534930139720559,0.49879364121163
0.01,0.115875390596064,0.0419161676646707,0.452,0.383233532934132,0.18562874251497,0.274,0.326506571356554,0.836327345309381,0.107307863050873
0.446,0.587507870489024,0.7624750499002,0.194,0.261477045908184,0.267465069860279,0.652,0.644670330823152,0.510978043912176,0.691194992130321
0.002,8.90911191597787e-05,0.00798403193612774,0.002,0.00798403193612774,0.00399201596806387,0.036,0.0442898355650144,0.914171656686627,0.021216614209104
0.016,0.16017038267982,0.00998003992015968,0.852000000000001,0.301397205588822,0.093812375249501,0.208,0.222379113963347,0.558882235528942,0.0599321359071468
0.0880000000000001,0.0736361873347312,0.0499001996007984,0.344,0.0738522954091816,0.0159680638722555,0.672,0.681511862558496,0.331337325349301,0.704368716884873
0.002,0.0111016872078726,0.0219560878243513,0.002,0.00798403193612774,0.00998003992015968,0.972000000000001,0.955428851151049,0.109780439121756,0.962528581015671
0.002,8.18558930193447e-06,0.00399201596806387,0.002,0.00399201596806387,0.00598802395209581,0.232,0.223128949988686,0.838323353293413,0.199536246041426
0.01,0.000245809597680058,0.0199600798403194,0.054,0.0219560878243513,0.0499001996007984,0.22,0.23808502742193,0.846307385229541,0.184960739496806
0.412,0.548666052499939,0.377245508982036,0.266,0.391217564870259,0.63872255489022,0.576,0.552704723299764,0.908183632734531,0.600761162915923
0.384,0.522241019974111,0.716566866267465,0.404,0.245508982035928,0.197604790419162,0.008,0.0187108290449406,0.0738522954091816,0.0135066354273675
0.146,0.177817653654755,0.283433133732535,0.366,0.25748502994012,0.532934131736527,0.0880000000000001,0.0596979335747798,0.06187624750499,0.0412310308082253
0.024,0.101522222603174,0.0259481037924152,0.004,0.0339321357285429,0.0259481037924152,0.35,0.354481227326136,0.528942115768463,0.288020210249265
0.016,0.0776577786731736,0.063872255489022,0.774000000000001,0.351297405189621,0.0439121756487026,0.044,0.0414328948815459,0.974051896207585,0.0270045867263994
0.424,0.574909210758987,0.227544910179641,0.358,0.251497005988024,0.740518962075848,0.204,0.183301234561773,0.275449101796407,0.178731882130474
0.008,0.123891714277375,0.0538922155688623,0.024,0.0798403193612774,0.0738522954091816,0.322,0.3090884310104,0.932135728542914,0.195659254143505
0.02,0.0222434926931891,0.0199600798403194,0.172,0.06187624750499,0.0419161676646707,0.254,0.270624637661922,0.397205588822355,0.420128008915261
0.164,0.30219292673241,0.467065868263473,0.254,0.315369261477046,0.616766467065868,0.066,0.0561511191658781,0.976047904191617,0.00613242058420281
0.002,0.00799226420436683,0.00399201596806387,0.016,0.0179640718562874,0.00998003992015968,0.268,0.242951048763664,0.171656686626747,0.321926232492433
0.178,0.223153416398292,0.167664670658683,0.254,0.315369261477046,0.596806387225549,0.312,0.310278579911918,0.544910179640719,0.434980659563469
0.252,0.330336784531722,0.193612774451098,0.346,0.29940119760479,0.189620758483034,0.486,0.479263675417629,0.774451097804391,0.373714382711925
0.002,0.000454575446353189,0.00399201596806387,0.004,0.00399201596806387,0.00598802395209581,0.49,0.461007866211117,0.0419161676646707,0.511976641470307
0.002,0.0163277021574925,0.0379241516966068,0.028,0.029940119760479,0.063872255489022,0.006,0.0425747385658601,0.940119760479042,0.0945544682700083
0.328,0.459386429650028,0.289421157684631,0.328,0.383233532934132,0.36127744510978,0.006,0.517578002731821,0.0399201596806387,0.643785688190077
0.002,0.000224932842226577,0.00199600798403194,0.002,0.00199600798403194,0.00399201596806387,0.848000000000001,0.819144727736279,0.391217564870259,0.877994748683704
0.002,0.0624668977932332,0.031936127744511,0.002,0.00798403193612774,0.00199600798403194,0.926000000000001,0.909501167150321,0.201596806387226,0.94915596479627
0.002,0.000499615972161527,0.00399201596806387,0.018,0.00798403193612774,0.00399201596806387,0.754000000000001,0.722350489944354,0.203592814371257,0.709500527507696
0.002,4.08418920905262e-09,0.00399201596806387,0.002,0.00598802395209581,0.00998003992015968,0.222,0.220849822361475,0.646706586826347,0.165701257195251
0.686,0.717951694488586,0.81437125748503,0.896000000000001,0.934131736526946,0.984031936127745,0.22,0.194953189701619,0.94810379241517,0.266879863346637
0.002,0.0106963437488163,0.031936127744511,0.02,0.0219560878243513,0.0239520958083832,0.978000000000001,0.980049655274438,0.135728542914172,0.986615121642663
0.056,0.00900621755082576,0.0259481037924152,0.046,0.00598802395209581,0.0179640718562874,0.04,0.0497293677394122,0.165668662674651,0.144226159293901
0.306,0.427680853066894,0.205588822355289,0.296,0.24750499001996,0.165668662674651,0.802000000000001,0.802163943942705,0.692614770459082,0.928886227607664
0.396,0.512526754403797,0.347305389221557,0.59,0.582834331337325,0.491017964071856,0.344,0.289008364476336,0.227544910179641,0.0804202216191257
0.378,0.495287356907793,0.461077844311377,0.49,0.479041916167665,0.512974051896208,0.022,0.287852547274013,0.339321357285429,0.3313348086052
0.582,0.672264831440494,0.429141716566866,0.738000000000001,0.81437125748503,0.958083832335329,0.198,0.203904191645837,0.75249500998004,0.169211160956688
0.002,0.00665571224044115,0.0558882235528942,0.02,0.031936127744511,0.0159680638722555,0.252,0.269898111414872,0.896207584830339,0.346920276610844
0.006,0.0322059942686146,0.0718562874251497,0.004,0.0119760479041916,0.0459081836327345,0.682,0.664808001726726,0.115768463073852,0.495915254699228
0.55,0.653164601618059,0.644710578842315,0.638,0.546906187624751,0.622754491017964,0.294,0.286582844446254,0.578842315369261,0.32099183644253
0.202,0.291504460086299,0.0998003992015968,0.372,0.127744510978044,0.0958083832335329,0.352,0.321390218992325,0.844311377245509,0.194565234212735
0.006,0.0342252382646744,0.0259481037924152,0.118,0.0399201596806387,0.0179640718562874,0.566,0.547908680778235,0.0538922155688623,0.596010283892136
0.792000000000001,0.759776027827139,0.892215568862275,0.940000000000001,0.978043912175649,0.970059880239521,0.494,0.460704015765199,0.992015968063872,0.442533622165754
0.004,0.0527859825106345,0.0119760479041916,0.238,0.0698602794411178,0.0139720558882236,0.358,0.360778619901664,0.235528942115768,0.49222420768895
0.006,0.0110078960674909,0.0239520958083832,0.002,0.00598802395209581,0.00399201596806387,0.0780000000000001,0.0649237954308228,0.0798403193612774,0.507846900861101
0.572,0.624721025825097,0.239520958083832,0.642,0.335329341317365,0.125748502994012,0.208,0.208637451453502,0.744510978043912,0.0876378543054044
0.808000000000001,0.772632897729719,0.826347305389222,0.988000000000001,0.992015968063872,0.880239520958084,0.014,0.0171944527153589,0.570858283433134,0.0476326487573013
0.054,0.104997169978877,0.06187624750499,0.406,0.24750499001996,0.131736526946108,0.0740000000000001,0.0677169734487996,0.704590818363273,0.147928755035532
0.156,0.161271141860572,0.161676646706587,0.028,0.0279441117764471,0.0339321357285429,0.832000000000001,0.844026006988886,0.457085828343313,0.834815790377366
0.002,8.05984129437221e-08,0.00199600798403194,0.002,0.00199600798403194,0.00199600798403194,0.406,0.382821735630404,0.544910179640719,0.694047185916617
0.298,0.38084869843202,0.43313373253493,0.154,0.177644710578842,0.149700598802395,0.4,0.386038661851278,0.105788423153693,0.320251082620897
0.01,0.000241639847215813,0.0199600798403194,0.002,0.0119760479041916,0.0139720558882236,0.902000000000001,0.917917334242879,0.233532934131737,0.610076257178473
0.252,0.386834480136671,0.199600798403194,0.01,0.0199600798403194,0.0279441117764471,0.980000000000001,0.987245253383117,0.359281437125749,0.957240125294788
0.486,0.599280416605282,0.518962075848303,0.750000000000001,0.666666666666667,0.48502994011976,0.118,0.0883963272890149,0.325349301397206,0.0815501781237132
0.002,1.8162793862242e-06,0.00199600798403194,0.002,0.00199600798403194,0.00199600798403194,0.442,0.422847493156318,0.590818363273453,0.437714013373566
0.002,0.00960008680518643,0.00598802395209581,0.006,0.00998003992015968,0.00798403193612774,0.964000000000001,0.957940659619284,0.223552894211577,0.981888272742255
0.156,0.226645678942971,0.137724550898204,0.054,0.0898203592814371,0.287425149700599,0.574,0.577630774139898,0.393213572854291,0.759978004002902
0.252,0.355140630494807,0.0998003992015968,0.452,0.283433133732535,0.357285429141717,0.106,0.0871001006948247,0.37125748502994,0.309476233829738
0.102,0.106980080705741,0.147704590818363,0.364,0.161676646706587,0.119760479041916,0.192,0.166938764272945,0.916167664670659,0.00912502131460877
0.186,0.23812266873718,0.0898203592814371,0.426,0.283433133732535,0.199600798403194,0.986000000000001,0.986094656982659,0.0958083832335329,0.915313071651599
0.352,0.456330319137756,0.315369261477046,0.712000000000001,0.758483033932136,0.580838323353293,0.724000000000001,0.741199175960654,0.894211576846307,0.642419930801653
0.226,0.300694608540599,0.221556886227545,0.034,0.0419161676646707,0.101796407185629,0.754000000000001,0.757148924026698,0.794411177644711,0.826739158578203
0.018,0.0567072443294925,0.0518962075848303,0.138,0.0459081836327345,0.101796407185629,0.324,0.316965075509818,0.858283433133733,0.0867516742777962
0.002,0.04112095374101,0.00598802395209581,0.052,0.0119760479041916,0.0199600798403194,0.188,0.197431345195604,0.0858283433133733,0.480105558656888
0.0900000000000001,0.0862634634020492,0.13373253493014,0.054,0.18562874251497,0.564870259481038,0.840000000000001,0.846694206058449,0.475049900199601,0.812070960526242
0.002,0.0194132871175341,0.0239520958083832,0.29,0.0678642714570858,0.0199600798403194,0.404,0.370928163861193,0.475049900199601,0.493962219534306
0.206,0.375682487893847,0.283433133732535,0.144,0.193612774451098,0.189620758483034,0.35,0.323402060120352,0.760479041916168,0.0716069899549724
0.246,0.349022323552199,0.227544910179641,0.614,0.508982035928144,0.473053892215569,0.754000000000001,0.708864744338737,0.888223552894212,0.53856208303617
0.01,0.335751083942261,0.199600798403194,0.508,0.389221556886228,0.427145708582834,0.804000000000001,0.798742430931747,0.568862275449102,0.685303025062224
0.266,0.374824148344029,0.159680638722555,0.722000000000001,0.594810379241517,0.70059880239521,0.128,0.131289450783896,0.976047904191617,0.0990083792124387
0.02,0.134668726441722,0.0399201596806387,0.048,0.0339321357285429,0.0918163672654691,0.906000000000001,0.910057368319549,0.341317365269461,0.918034636664468
0.002,4.25868776243732e-07,0.00598802395209581,0.0860000000000001,0.00998003992015968,0.0159680638722555,0.02,0.0149345423676659,0.976047904191617,0.00364272295128581
0.022,0.0484869081672057,0.115768463073852,0.044,0.00998003992015968,0.0139720558882236,0.496,0.476889232322995,0.620758483033932,0.591134725429799
0.038,0.000936866813825432,0.0279441117764471,0.016,0.0139720558882236,0.0598802395209581,0.872000000000001,0.884523357567001,0.754491017964072,0.591738887449388
0.004,0.032087797513174,0.00798403193612774,0.222,0.115768463073852,0.0259481037924152,0.47,0.446985010596239,0.676646706586826,0.671361849206551
0.544,0.621466524331944,0.626746506986028,0.834000000000001,0.922155688622755,0.940119760479042,0.284,0.316301683153938,0.139720558882236,0.273064335301513
0.006,0.0400278346930594,0.031936127744511,0.008,0.0379241516966068,0.0239520958083832,0.724000000000001,0.670694447502507,0.794411177644711,0.68133041123134
0.31,0.384900176326487,0.499001996007984,0.478,0.558882235528942,0.646706586826347,0.794000000000001,0.767021666360558,0.548902195608782,0.820815787880846
0.004,0.0288022791583199,0.0119760479041916,0.422,0.0958083832335329,0.00598802395209581,0.128,0.139911183770495,1,0.158018882963992
0.002,0.00118062932069907,0.00199600798403194,0.0920000000000001,0.0139720558882236,0.00399201596806387,0.148,0.147286042581526,0.263473053892216,0.394866868704444
0.25,0.360313909745391,0.251497005988024,0.306,0.203592814371257,0.0578842315369262,0.554,0.519615725053159,0.578842315369261,0.185065560877072
0.002,0.00514223483674403,0.0119760479041916,0.002,0.0399201596806387,0.031936127744511,0.402,0.381507766301613,0.950099800399202,0.394829007739935
0.686,0.703565465705955,0.510978043912176,0.956000000000001,0.82435129740519,0.325349301397206,0.066,0.0632980771193463,0.31936127744511,0.0716087100129707
0.162,0.246074040300159,0.0998003992015968,0.5,0.115768463073852,0.0399201596806387,0.294,0.256360908688773,0.00399201596806387,0.253005238792167
0.258,0.359976010157253,0.461077844311377,0.124,0.135728542914172,0.213572854291417,0.706000000000001,0.719156866531854,0.491017964071856,0.873796165668463
0.002,0.00142584504550847,0.00199600798403194,0.02,0.00998003992015968,0.00399201596806387,0.454,0.417755637496291,0.127744510978044,0.0712172317876397
0.632,0.706411800331421,0.648702594810379,0.56,0.696606786427146,0.70059880239521,0.770000000000001,0.744477843685977,0.399201596806387,0.715045495859071
0.01,0.0737111844483794,0.0578842315369262,0.014,0.0359281437125748,0.063872255489022,0.496,0.517610486948041,0.243512974051896,0.341360193841229
0.002,0.010758506521327,0.00399201596806387,0.012,0.00598802395209581,0.00399201596806387,0.826000000000001,0.814335963821949,0.0239520958083832,0.744948982708303
0.002,0.00149977416642055,0.00399201596806387,0.016,0.0179640718562874,0.00798403193612774,0.472,0.469432212412812,0.588822355289421,0.619937804740791
0.002,0.107404436115223,0.0279441117764471,0.102,0.0538922155688623,0.0179640718562874,0.396,0.404033769076573,0.279441117764471,0.58256475024774
0.024,0.0993587841906882,0.0419161676646707,0.282,0.109780439121756,0.163672654690619,0.0900000000000001,0.109703428646872,0.668662674650699,0.109975080783415
0.256,0.348746063924786,0.0758483033932136,0.818000000000001,0.397205588822355,0.0798403193612774,0.0840000000000001,0.0824661335608048,0.950099800399202,0.0248934262030562
0.406,0.511127086759623,0.25748502994012,0.664,0.50499001996008,0.343313373253493,0.4,0.392723293902359,0.323353293413174,0.342056011669079
0.17,0.213554884481194,0.103792415169661,0.046,0.0818363273453094,0.273453093812375,0.806000000000001,0.783727929103638,0.55688622754491,0.936105159759519
0.002,0.00713421457119112,0.0159680638722555,0.014,0.0219560878243513,0.0119760479041916,0.0900000000000001,0.102357899894088,0.231536926147705,0.0629972812039582
0.002,0.000202086772211785,0.00199600798403194,0.01,0.00399201596806387,0.00199600798403194,0.034,0.0353249714969855,0.283433133732535,0.118865978396657
0.002,3.62492480476817e-10,0.00199600798403194,0.048,0.00598802395209581,0.00399201596806387,0.182,0.16765812419623,0.902195608782435,0.496952687370671
0.808000000000001,0.77591343593715,0.724550898203593,0.6,0.562874251497006,0.636726546906188,0.752000000000001,0.761017848987405,0.788423153692615,0.579050673845635
0.024,0.0256874286937001,0.0279441117764471,0.018,0.00998003992015968,0.0119760479041916,0.298,0.315294512526619,0.347305389221557,0.65967695632922
0.182,0.321039349660049,0.255489021956088,0.026,0.0518962075848303,0.115768463073852,0.908000000000001,0.879407064148324,0.029940119760479,0.534946442731293
0.064,0.0596934364961033,0.0538922155688623,0.11,0.0678642714570858,0.0239520958083832,0.876000000000001,0.872040637402595,0.49500998003992,0.922449698465473
0.0960000000000001,0.0616987977132629,0.0459081836327345,0.404,0.157684630738523,0.0978043912175649,0.018,0.0339473909534651,0.988023952095808,0.0754101435014942
0.162,0.187725588360215,0.271457085828343,0.066,0.0578842315369262,0.157684630738523,0.47,0.472431925969477,0.822355289421158,0.611172498482983
0.004,0.127755388750904,0.0758483033932136,0.0720000000000001,0.12375249500998,0.153692614770459,0.292,0.300751178968547,0.7624750499002,0.31724306960647
0.364,0.4597997335582,0.167664670658683,0.21,0.215568862275449,0.147704590818363,0.536,0.504659529847688,0.06187624750499,0.511823456486456
0.046,0.00845888573611986,0.0199600798403194,0.002,0.00598802395209581,0.0159680638722555,0.944000000000001,0.931112883298457,0.0359281437125748,0.882915792725508
0.37,0.569769921191347,0.500998003992016,0.42,0.37125748502994,0.235528942115768,0.748000000000001,0.702220155400411,0.588822355289421,0.548703839719652
0.004,0.00490258422590339,0.0139720558882236,0.04,0.0139720558882236,0.00798403193612774,0.266,0.261444275970848,0.331337325349301,0.447233313184933
0.482,0.612507850807989,0.413173652694611,0.288,0.325349301397206,0.3812375249501,0.994000000000001,0.996862529892859,0.0858283433133733,0.989695175334293
0.132,0.112508009649415,0.0758483033932136,0.02,0.0279441117764471,0.031936127744511,0.858000000000001,0.855972567203259,0.233532934131737,0.506458131490141
0.596,0.668338131790857,0.522954091816367,0.850000000000001,0.844311377245509,0.640718562874252,0.0980000000000001,0.12120856544836,0.582834331337325,0.0889583870467521
0.002,4.70303050326137e-06,0.00199600798403194,0.008,0.00399201596806387,0.00199600798403194,0.544,0.524939712600734,0.0698602794411178,0.546294891819832
0.016,0.072488122165189,0.0259481037924152,0.596,0.125748502994012,0.031936127744511,0.156,0.154593726412971,0.908183632734531,0.0635895031840391
0.224,0.310163127597065,0.145708582834331,0.138,0.121756487025948,0.157684630738523,0.446,0.460656007521407,0.157684630738523,0.180151395766126
0.126,0.123607914809038,0.209580838323353,0.446,0.385229540918164,0.347305389221557,0.104,0.110026724698777,0.415169660678643,0.11329748589482
0.012,0.116765719963528,0.0439121756487026,0.158,0.0598802395209581,0.029940119760479,0.164,0.138992911577618,0.391217564870259,0.216038505434983
0.004,0.0147509556926295,0.00598802395209581,0.148,0.0558882235528942,0.029940119760479,0.396,0.386108129047325,0.323353293413174,0.279164850183611
0.002,1.3544705852464e-06,0.00598802395209581,0.002,0.00399201596806387,0.00199600798403194,0.870000000000001,0.84003173510536,0.636726546906188,0.824293666635262
0.04,0.0658984196348051,0.121756487025948,0.044,0.0219560878243513,0.0259481037924152,0.448,0.423732033449877,0.255489021956088,0.510136433428828
0.256,0.310696041827973,0.179640718562874,0.476,0.477045908183633,0.578842315369261,0.644,0.658965527806113,0.846307385229541,0.361213656727956
0.002,1.54915633432395e-07,0.00199600798403194,0.002,0.00399201596806387,0.00199600798403194,0.446,0.459534261242952,0.550898203592814,0.395269413647954
0.004,0.0776620086046549,0.0578842315369262,0.0800000000000001,0.0259481037924152,0.0199600798403194,0.714000000000001,0.697807308428923,0.101796407185629,0.680554165214508
0.584,0.672297582737934,0.43313373253493,0.946000000000001,0.808383233532934,0.349301397205589,0.062,0.0839878886383763,0.189620758483034,0.475285432975856
0.044,0.203216067184438,0.119760479041916,0.338,0.231536926147705,0.0598802395209581,0.820000000000001,0.794695061090883,0.782435129740519,0.899182596930072
0.002,0.0117113624596646,0.00399201596806387,0.0720000000000001,0.031936127744511,0.0279441117764471,0.044,0.0288564630958157,0.06187624750499,0.289627639579228
0.002,0.000405227548001541,0.00798403193612774,0.018,0.0199600798403194,0.0159680638722555,0.156,0.151392977208732,0.620758483033932,0.259553317881395
0.044,0.105971874827742,0.0758483033932136,0.17,0.149700598802395,0.171656686626747,0.462,0.441513232556581,0.63872255489022,0.436074840566815
0.142,0.206959533389548,0.0858283433133733,0.414,0.305389221556886,0.13373253493014,0.012,0.00318648825471302,0.994011976047904,0.000485993508044508
0.002,0.000619111146464624,0.00598802395209581,0.002,0.00998003992015968,0.0119760479041916,0.35,0.364176615572807,0.25748502994012,0.31641299312905
0.386,0.532439653830151,0.349301397205589,0.27,0.231536926147705,0.359281437125749,0.726000000000001,0.703788803097365,0.213572854291417,0.565665130951139
0.004,0.082442901183023,0.029940119760479,0.102,0.0858283433133733,0.0738522954091816,0.830000000000001,0.813081558971438,0.718562874251497,0.738500299109865
0.226,0.373585569850517,0.135728542914172,0.124,0.157684630738523,0.167664670658683,0.922000000000001,0.893277746160049,0.696606786427146,0.947982662584081
0.002,3.85123518598096e-06,0.00798403193612774,0.002,0.00399201596806387,0.00199600798403194,0.184,0.197702435954617,0.920159680638723,0.205480180408964
0.066,0.183518013989195,0.0698602794411178,0.154,0.0998003992015968,0.0399201596806387,0.568,0.60377939545616,0.790419161676647,0.680618885046025
0.01,0.0283729967649411,0.0199600798403194,0.01,0.0139720558882236,0.00798403193612774,0.39,0.386243993454162,0.189620758483034,0.414059689906059
0.166,0.229302847946405,0.265469061876248,0.294,0.0818363273453094,0.0159680638722555,0.046,0.0285860180154924,0.449101796407186,0.00224631957841925
0.002,0.000258324924303999,0.00598802395209581,0.002,0.00199600798403194,0.00199600798403194,0.842000000000001,0.818514475492811,0.457085828343313,0.737046725845727
0.106,0.100156452546934,0.0479041916167665,0.038,0.0199600798403194,0.0199600798403194,0.642,0.63530821717526,0.0119760479041916,0.562714400607322
0.238,0.348300160197742,0.24750499001996,0.516,0.403193612774451,0.63872255489022,0.352,0.322363122554625,0.958083832335329,0.369947353356885
0.014,0.18120598591277,0.0159680638722555,0.508,0.11377245508982,0.0279441117764471,0.728000000000001,0.707692069059422,0.169660678642715,0.604700531089916
0.412,0.528446208011682,0.313373253493014,0.684,0.766467065868264,0.808383233532934,0.594,0.599338207401005,0.770459081836327,0.795244722848721
0.17,0.211825114628264,0.24750499001996,0.18,0.155688622754491,0.161676646706587,0.698000000000001,0.658066053166121,0.696606786427146,0.49936074100784
0.004,0.0505976693108772,0.0239520958083832,0.362,0.111776447105788,0.0479041916167665,0.328,0.346589919465872,0.546906187624751,0.42406247909312
0.13,0.126083309719555,0.131736526946108,0.402,0.243512974051896,0.127744510978044,0.366,0.374881484655535,0.806387225548902,0.359768243117492
0.004,1.02713741434446e-05,0.00199600798403194,0.172,0.0778443113772455,0.0818363273453094,0.39,0.379491514814358,0.179640718562874,0.518450166265626
0.004,0.0268115445532985,0.0159680638722555,0.198,0.0778443113772455,0.0139720558882236,0.286,0.272699529530228,0.229540918163673,0.305263790440636
0.036,0.0293497091152553,0.0479041916167665,0.142,0.0978043912175649,0.143712574850299,0.648,0.611442423073704,0.604790419161677,0.615257431665108
0.102,0.129721244526537,0.0558882235528942,0.126,0.0439121756487026,0.0139720558882236,0.738000000000001,0.734253544237517,0.403193612774451,0.820060733372354
0.002,0.016650224584947,0.00998003992015968,0.008,0.0259481037924152,0.00598802395209581,0.434,0.411424095309402,0.726546906187625,0.29723274114411
0.002,0.000495309924861909,0.00399201596806387,0.014,0.0159680638722555,0.0179640718562874,0.168,0.190680051363983,0.219560878243513,0.218333666470117
0.0780000000000001,0.0932351136782694,0.0918163672654691,0.066,0.0399201596806387,0.0918163672654691,0.402,0.372844747856829,0.36127744510978,0.469997157209445
0.402,0.563343539322608,0.311377245508982,0.554,0.499001996007984,0.385229540918164,0.412,0.379375098412032,0.542914171656687,0.631979470835007
0.002,5.02358810030579e-05,0.00199600798403194,0.002,0.00798403193612774,0.00199600798403194,0.256,0.263679301248691,0.760479041916168,0.442917511331517
0.002,1.10460524727074e-05,0.00199600798403194,0.006,0.00199600798403194,0.00399201596806387,0.492,0.523650851598221,0.0918163672654691,0.847765341130271
0.002,0.00317917736775808,0.00399201596806387,0.058,0.0159680638722555,0.00798403193612774,0.246,0.208296261265352,0.610778443113772,0.169243077729098
0.008,0.360171120198685,0.063872255489022,0.368,0.343313373253493,0.548902195608782,0.616,0.64907398393691,0.69061876247505,0.506106833028065
0.002,8.03964144147074e-08,0.00399201596806387,0.038,0.00998003992015968,0.00399201596806387,0.02,0.0113787341706003,0.455089820359281,0.0495183669302826
0.1,0.106623773420147,0.0558882235528942,0.31,0.179640718562874,0.121756487025948,0.488,0.427073246622976,0.165668662674651,0.642235210071296
0.42,0.56500796480305,0.586826347305389,0.712000000000001,0.676646706586826,0.499001996007984,0.204,0.222167434068011,0.980039920159681,0.22225649417199
0.164,0.259293321312671,0.151696606786427,0.154,0.217564870259481,0.225548902195609,0.376,0.394187123279448,0.363273453093812,0.389602252547933
0.004,0.0784017826193593,0.0259481037924152,0.132,0.0379241516966068,0.0499001996007984,0.284,0.249772167476049,0.69061876247505,0.368118694077419
0.002,0.00346907951939612,0.00798403193612774,0.002,0.00199600798403194,0.0139720558882236,0.712000000000001,0.721472625053281,0.327345309381238,0.870941368161323
0.162,0.247406721252907,0.0259481037924152,0.604,0.345309381237525,0.19560878243513,0.134,0.121177749839714,0.235528942115768,0.144772297732551
0.002,0.0346502284399215,0.031936127744511,0.058,0.0159680638722555,0.0199600798403194,0.51,0.451720558923643,0.722554890219561,0.556341683522265
0.52,0.62307137644289,0.746506986027944,0.682,0.602794411177645,0.243512974051896,0.31,0.302109755213049,0.976047904191617,0.383075520235942
0.014,0.15986874561115,0.0179640718562874,0.232,0.0838323353293413,0.0439121756487026,0.502,0.514384513201336,0.980039920159681,0.574439407494217
0.0720000000000001,0.036026138406789,0.101796407185629,0.05,0.0359281437125748,0.0379241516966068,0.37,0.350791939112797,0.822355289421158,0.549687479843084
0.008,0.00677509296373258,0.00399201596806387,0.002,0.00998003992015968,0.0199600798403194,0.710000000000001,0.687614628692821,0.766467065868264,0.760244497148802
0.352,0.45870498776454,0.187624750499002,0.858000000000001,0.552894211576846,0.159680638722555,0.532,0.526045300524251,0.508982035928144,0.416497405454834
0.006,0.00961492896995464,0.0139720558882236,0.002,0.00399201596806387,0.00798403193612774,0.04,0.021139686641775,0.347305389221557,0.0142730011326475
0.174,0.246857331888835,0.223552894211577,0.428,0.0598802395209581,0.0199600798403194,0.012,0.0183255391813206,0.0159680638722555,0.054810773637289
0.002,0.000192609074274652,0.00199600798403194,0.004,0.00399201596806387,0.00199600798403194,0.710000000000001,0.704728532296732,0.0878243512974052,0.757183185041994
0.006,0.00474365118078834,0.00798403193612774,0.002,0.00998003992015968,0.00199600798403194,0.558,0.556634473680151,0.552894211576846,0.729627474382428
0.142,0.155495755128598,0.0678642714570858,0.266,0.135728542914172,0.0718562874251497,0.844000000000001,0.82957238927896,0.92814371257485,0.587814928621378
0.01,0.0294597189587228,0.0199600798403194,0.748000000000001,0.145708582834331,0.0139720558882236,0.132,0.118591675365111,0.754491017964072,0.469315303510579
0.002,0.00703973542522518,0.00399201596806387,0.232,0.0339321357285429,0.00199600798403194,0.002,0.264590725781765,0.161676646706587,0.504901772854168
0.01,0.179879473209708,0.0538922155688623,0.57,0.24750499001996,0.0339321357285429,0.0980000000000001,0.132168438697259,0.43313373253493,0.372182943918194
0.744000000000001,0.750098369678295,0.766467065868264,0.792000000000001,0.840319361277445,0.862275449101796,0.0960000000000001,0.0929954595543461,0.173652694610778,0.0512937629972732
0.108,0.0869187124447263,0.063872255489022,0.0820000000000001,0.0858283433133733,0.101796407185629,0.972000000000001,0.96998431659349,0.283433133732535,0.989776501997401
0.002,0.0114866173807329,0.00798403193612774,0.07,0.0399201596806387,0.0239520958083832,0.954000000000001,0.938486853822131,0.838323353293413,0.900723715942435
0.034,0.00324479610404782,0.0119760479041916,0.0800000000000001,0.0259481037924152,0.0399201596806387,0.03,0.0203891099025209,0.672654690618762,0.0127445698715217
0.002,4.01465275357005e-06,0.00199600798403194,0.008,0.00399201596806387,0.00399201596806387,0.486,0.421282666434723,0.0439121756487026,0.453028364284483
0.006,0.0347592429537154,0.0239520958083832,0.006,0.0119760479041916,0.0119760479041916,0.860000000000001,0.842201077185697,0.0758483033932136,0.831084835651837
0.468,0.568613016489167,0.341317365269461,0.262,0.43313373253493,0.42315369261477,0.56,0.550433740053518,0.536926147704591,0.675816365690556
0.416,0.545227883392181,0.778443113772455,0.216,0.315369261477046,0.421157684630739,0.626,0.638996774080961,0.0279441117764471,0.313581971665871
0.052,0.100946857108365,0.0379241516966068,0.428,0.149700598802395,0.0499001996007984,0.024,0.0125133357440467,0.982035928143713,0.0105175667663802
0.006,0.0292780194601039,0.0339321357285429,0.278,0.0678642714570858,0.0199600798403194,0.05,0.0292682678581753,0.898203592814371,0.0298335617854171
0.028,0.0191237723349891,0.0359281437125748,0.152,0.0858283433133733,0.0179640718562874,0.106,0.107430241451888,0.776447105788423,0.433009548331587
0.008,0.0931994306467592,0.0698602794411178,0.006,0.00399201596806387,0.0279441117764471,0.888000000000001,0.886517206281209,0.622754491017964,0.872675526024544
0.004,0.0305185949449495,0.0558882235528942,0.126,0.093812375249501,0.0978043912175649,0.202,0.210617980255009,0.686626746506986,0.13073341793937
0.196,0.27666288211227,0.111776447105788,0.422,0.265469061876248,0.341317365269461,0.0780000000000001,0.0775721997526345,0.165668662674651,0.276454674338479
0.04,0.0431767237347058,0.0199600798403194,0.022,0.0219560878243513,0.00798403193612774,0.592,0.563300343429335,0.678642714570858,0.884975643128959
0.028,0.155832600843053,0.0558882235528942,0.276,0.187624750499002,0.267465069860279,0.662,0.64457467098003,0.101796407185629,0.533298050849079
0.024,0.0107811491563381,0.0179640718562874,0.154,0.0678642714570858,0.0578842315369262,0.54,0.525804932571857,0.508982035928144,0.535322615987271
0.002,0.149452601601866,0.0818363273453094,0.048,0.0379241516966068,0.00998003992015968,0.136,0.125165085343858,0.0698602794411178,0.150701129406085
0.114,0.219671682166876,0.107784431137725,0.056,0.117764471057884,0.17564870259481,0.962000000000001,0.953153745489872,0.333333333333333,0.825769391229431
0.002,0.000112277234270097,0.00598802395209581,0.068,0.00998003992015968,0.00598802395209581,0.496,0.504691452182591,0.221556886227545,0.773617276026186
0.002,0.00315251579263154,0.00598802395209581,0.004,0.00598802395209581,0.00199600798403194,0.47,0.439371534734489,0.668662674650699,0.673367427724806
0.002,0.00184923007634841,0.00598802395209581,0.29,0.0419161676646707,0.00598802395209581,0.244,0.260809996084613,0.802395209580838,0.430029955004049
0.156,0.212391107517612,0.0658682634730539,0.028,0.0578842315369262,0.0479041916167665,0.542,0.535634722288399,0.724550898203593,0.54447020538357
0.008,0.0504230769688339,0.0239520958083832,0.646,0.179640718562874,0.0698602794411178,0.04,0.0511608803398531,0.672654690618762,0.00226322182101821
0.002,3.47291348123946e-06,0.00598802395209581,0.006,0.0139720558882236,0.0139720558882236,0.738000000000001,0.746199089180886,0.794411177644711,0.70285519113796
0.002,0.00213585520386717,0.0139720558882236,0.15,0.0558882235528942,0.0279441117764471,0.41,0.40494399307388,0.924151696606786,0.0649779181616071
0.208,0.3114360387652,0.229540918163673,0.816000000000001,0.447105788423154,0.227544910179641,0.16,0.17461622621628,0.7624750499002,0.122920542006134
0.002,0.000126900037346278,0.00598802395209581,0.014,0.00998003992015968,0.00598802395209581,0.106,0.101325829719856,0.984031936127745,0.138818474845211
0.046,0.275222732036818,0.0359281437125748,0.18,0.19560878243513,0.526946107784431,0.764000000000001,0.762258219563319,0.44311377245509,0.733902552532647
0.216,0.324819575356035,0.0738522954091816,0.532,0.397205588822355,0.305389221556886,0.878000000000001,0.868735879630455,0.473053892215569,0.909753381656395
0.002,9.82703032725851e-07,0.00199600798403194,0.006,0.00798403193612774,0.00598802395209581,0.122,0.131937186739655,0.181636726546906,0.0302638291186817
0.002,0.000235374891793816,0.00798403193612774,0.002,0.00199600798403194,0.00199600798403194,0.32,0.335942582894926,0.00998003992015968,0.596373463560733
0.014,0.0280418395444553,0.00798403193612774,0.0800000000000001,0.0339321357285429,0.0239520958083832,0.784000000000001,0.801045343820243,0.0359281437125748,0.887410219928724
0.03,0.00377455968019369,0.00798403193612774,0.07,0.0199600798403194,0.0119760479041916,0.07,0.050070732711934,0.251497005988024,0.244616968537711
